{
    "PID_safe": {
        "m_test_veldiffsumlist": {
            "max": 35.57177879830427,
            "min": 15.809977666099003,
            "avg": 24.942431395981703,
            "trimmed_count": 1135,
            "original_count": 1261
        },
        "m_test_dissumlist": {
            "max": 498.3333631630085,
            "min": 85.9249035695633,
            "avg": 215.36901010293934,
            "trimmed_count": 1135,
            "original_count": 1261
        },
        "m_energy": {
            "max": 0.5056392818478682,
            "min": 0.024931240705537296,
            "avg": 0.1924072176561176,
            "trimmed_count": 1135,
            "original_count": 1261
        },
        "m_ttclist": {
            "max": 11.598381498646264,
            "min": 2.2617890888681367,
            "avg": 5.910235537412557,
            "trimmed_count": 1135,
            "original_count": 1261
        }
    }
}