{
    "IDM": {
        "m_test_veldiffsumlist": {
            "max": 55.75865326806778,
            "min": 24.707680863134176,
            "avg": 38.28929991745204,
            "trimmed_count": 1949,
            "original_count": 2165
        },
        "m_test_dissumlist": {
            "max": 60.94711871521324,
            "min": 30.43412594122285,
            "avg": 44.36939623695817,
            "trimmed_count": 1949,
            "original_count": 2165
        },
        "m_energy": {
            "max": 0.10629920807981859,
            "min": 0.01225111109435502,
            "avg": 0.05380979415783323,
            "trimmed_count": 1949,
            "original_count": 2165
        },
        "m_ttclist": {
            "max": 2.871138178485881,
            "min": 0.3925012668203547,
            "avg": 1.4571430874936844,
            "trimmed_count": 1949,
            "original_count": 2165
        }
    }
}